{
  "CSO_2017": {
    "description": "Commissioner's Standard Ordinary Mortality Table 2017",
    "male": {
      "18": 0.00043, "19": 0.00046, "20": 0.00048, "21": 0.00051, "22": 0.00053,
      "23": 0.00055, "24": 0.00057, "25": 0.00058, "26": 0.00060, "27": 0.00062,
      "28": 0.00064, "29": 0.00067, "30": 0.00070, "31": 0.00073, "32": 0.00077,
      "33": 0.00081, "34": 0.00085, "35": 0.00090, "36": 0.00095, "37": 0.00101,
      "38": 0.00108, "39": 0.00115, "40": 0.00123, "41": 0.00132, "42": 0.00142,
      "43": 0.00153, "44": 0.00165, "45": 0.00178, "46": 0.00193, "47": 0.00209,
      "48": 0.00227, "49": 0.00246, "50": 0.00267, "51": 0.00290, "52": 0.00315,
      "53": 0.00342, "54": 0.00372, "55": 0.00405, "56": 0.00441, "57": 0.00480,
      "58": 0.00523, "59": 0.00570, "60": 0.00621, "61": 0.00677, "62": 0.00738,
      "63": 0.00805, "64": 0.00878, "65": 0.00958, "66": 0.01046, "67": 0.01142,
      "68": 0.01248, "69": 0.01364, "70": 0.01492, "71": 0.01632, "72": 0.01786,
      "73": 0.01955, "74": 0.02140, "75": 0.02343, "76": 0.02565, "77": 0.02808,
      "78": 0.03074, "79": 0.03364, "80": 0.03681
    },
    "female": {
      "18": 0.00025, "19": 0.00027, "20": 0.00028, "21": 0.00030, "22": 0.00031,
      "23": 0.00032, "24": 0.00033, "25": 0.00034, "26": 0.00035, "27": 0.00036,
      "28": 0.00037, "29": 0.00038, "30": 0.00040, "31": 0.00042, "32": 0.00044,
      "33": 0.00046, "34": 0.00049, "35": 0.00052, "36": 0.00055, "37": 0.00059,
      "38": 0.00063, "39": 0.00068, "40": 0.00073, "41": 0.00079, "42": 0.00085,
      "43": 0.00092, "44": 0.00100, "45": 0.00108, "46": 0.00118, "47": 0.00129,
      "48": 0.00141, "49": 0.00154, "50": 0.00169, "51": 0.00185, "52": 0.00203,
      "53": 0.00223, "54": 0.00245, "55": 0.00269, "56": 0.00296, "57": 0.00326,
      "58": 0.00359, "59": 0.00395, "60": 0.00435, "61": 0.00479, "62": 0.00528,
      "63": 0.00582, "64": 0.00642, "65": 0.00708, "66": 0.00781, "67": 0.00862,
      "68": 0.00951, "69": 0.01050, "70": 0.01159, "71": 0.01279, "72": 0.01412,
      "73": 0.01558, "74": 0.01719, "75": 0.01897, "76": 0.02093, "77": 0.02309,
      "78": 0.02547, "79": 0.02808, "80": 0.03095
    }
  },
  "discount_rates": {
    "standard": 0.035,
    "description": "Standard actuarial discount rate for present value calculations"
  },
  "lapse_rates": {
    "standard": {
      "1": 0.05, "2": 0.04, "3": 0.03, "4": 0.025, "5": 0.02,
      "6": 0.02, "7": 0.02, "8": 0.02, "9": 0.02, "10": 0.02,
      "11": 0.015, "12": 0.015, "13": 0.015, "14": 0.015, "15": 0.015,
      "16": 0.01, "17": 0.01, "18": 0.01, "19": 0.01, "20": 0.01
    },
    "preferred": {
      "1": 0.03, "2": 0.025, "3": 0.02, "4": 0.015, "5": 0.01,
      "6": 0.01, "7": 0.01, "8": 0.01, "9": 0.01, "10": 0.01,
      "11": 0.01, "12": 0.01, "13": 0.01, "14": 0.01, "15": 0.01,
      "16": 0.005, "17": 0.005, "18": 0.005, "19": 0.005, "20": 0.005
    }
  }
}